{
    "loss": 21.141054153442383,
    "accuracy": 0.690077006816864
}