{
    "loss": 8.245706558227539,
    "accuracy": 0.6905301213264465
}